prep_mm,day_hour
0,2021-01-01 00
0,2021-01-01 01
0,2021-01-01 02
0,2021-01-01 03
0,2021-01-01 04
0,2021-01-01 05
0,2021-01-01 06
0,2021-01-01 07
0,2021-01-01 08
0,2021-01-01 09
0,2021-01-01 10
0,2021-01-01 11
0,2021-01-01 12
0,2021-01-01 13
0,2021-01-01 14
0,2021-01-01 15
0,2021-01-01 16
0,2021-01-01 17
0,2021-01-01 18
0,2021-01-01 19
0,2021-01-01 20
0,2021-01-01 21
0,2021-01-01 22
0,2021-01-01 23
0,2021-01-02 00
0,2021-01-02 01
0,2021-01-02 02
0,2021-01-02 03
0,2021-01-02 04
0,2021-01-02 05
0,2021-01-02 06
0,2021-01-02 07
0,2021-01-02 08
0,2021-01-02 09
0,2021-01-02 10
0,2021-01-02 11
0,2021-01-02 12
0,2021-01-02 13
0,2021-01-02 14
0,2021-01-02 15
0,2021-01-02 16
0,2021-01-02 17
0.1,2021-01-02 18
0.2,2021-01-02 19
0,2021-01-02 20
0,2021-01-02 21
0,2021-01-02 22
0,2021-01-02 23
0,2021-01-03 00
0,2021-01-03 01
0,2021-01-03 02
0,2021-01-03 03
0,2021-01-03 04
0,2021-01-03 05
0,2021-01-03 06
0,2021-01-03 07
0,2021-01-03 08
0,2021-01-03 09
0,2021-01-03 10
0,2021-01-03 11
0,2021-01-03 12
0,2021-01-03 13
0,2021-01-03 14
0,2021-01-03 15
0,2021-01-03 16
0,2021-01-03 17
0,2021-01-03 18
0,2021-01-03 19
0,2021-01-03 20
0,2021-01-03 21
0,2021-01-03 22
0,2021-01-03 23
0,2021-01-04 00
0,2021-01-04 01
0,2021-01-04 02
0,2021-01-04 03
0,2021-01-04 04
0,2021-01-04 05
0,2021-01-04 06
0,2021-01-04 07
0,2021-01-04 08
0,2021-01-04 09
0,2021-01-04 10
0,2021-01-04 11
0,2021-01-04 12
0,2021-01-04 13
0,2021-01-04 14
0,2021-01-04 15
0,2021-01-04 16
0.2,2021-01-04 17
0.1,2021-01-04 18
0.2,2021-01-04 19
0,2021-01-04 20
0,2021-01-04 21
0,2021-01-04 22
0,2021-01-04 23
0,2021-01-05 00
0,2021-01-05 01
0,2021-01-05 02
0,2021-01-05 03
0,2021-01-05 04
0,2021-01-05 05
0,2021-01-05 06
0,2021-01-05 07
0,2021-01-05 08
0,2021-01-05 09
0,2021-01-05 10
0,2021-01-05 11
0,2021-01-05 12
0,2021-01-05 13
0,2021-01-05 14
0,2021-01-05 15
0,2021-01-05 16
0,2021-01-05 17
0,2021-01-05 18
0,2021-01-05 19
0,2021-01-05 20
0,2021-01-05 21
0.5,2021-01-05 22
0.3,2021-01-05 23
0.3,2021-01-06 00
0.2,2021-01-06 01
1.1,2021-01-06 02
0.9,2021-01-06 03
0.6,2021-01-06 04
0.7,2021-01-06 05
0.6,2021-01-06 06
0.3,2021-01-06 07
0.2,2021-01-06 08
0,2021-01-06 09
0,2021-01-06 10
0,2021-01-06 11
0,2021-01-06 12
0,2021-01-06 13
0,2021-01-06 14
0,2021-01-06 15
0,2021-01-06 16
0,2021-01-06 17
0,2021-01-06 18
0.1,2021-01-06 19
0.1,2021-01-06 20
0.1,2021-01-06 21
0.1,2021-01-06 22
0.1,2021-01-06 23
0.1,2021-01-07 00
0,2021-01-07 01
0,2021-01-07 02
0,2021-01-07 03
0,2021-01-07 04
0,2021-01-07 05
0,2021-01-07 06
0,2021-01-07 07
0,2021-01-07 08
0,2021-01-07 09
0,2021-01-07 10
0,2021-01-07 11
0,2021-01-07 12
0,2021-01-07 13
0,2021-01-07 14
0,2021-01-07 15
0,2021-01-07 16
0,2021-01-07 17
0,2021-01-07 18
0,2021-01-07 19
0,2021-01-07 20
0,2021-01-07 21
0,2021-01-07 22
0,2021-01-07 23
0,2021-01-08 00
0,2021-01-08 01
0,2021-01-08 02
0,2021-01-08 03
0,2021-01-08 04
0,2021-01-08 05
0,2021-01-08 06
0,2021-01-08 07
0,2021-01-08 08
0,2021-01-08 09
0,2021-01-08 10
0,2021-01-08 11
0,2021-01-08 12
0,2021-01-08 13
0,2021-01-08 14
0,2021-01-08 15
0,2021-01-08 16
0,2021-01-08 17
0,2021-01-08 18
0,2021-01-08 19
0,2021-01-08 20
0,2021-01-08 21
0,2021-01-08 22
0,2021-01-08 23
0,2021-01-09 00
0,2021-01-09 01
0,2021-01-09 02
0,2021-01-09 03
0,2021-01-09 04
0,2021-01-09 05
0,2021-01-09 06
0,2021-01-09 07
0,2021-01-09 08
0,2021-01-09 09
0,2021-01-09 10
0,2021-01-09 11
0,2021-01-09 12
0,2021-01-09 13
0,2021-01-09 14
0,2021-01-09 15
0,2021-01-09 16
0,2021-01-09 17
0,2021-01-09 18
0,2021-01-09 19
0,2021-01-09 20
0,2021-01-09 21
0,2021-01-09 22
0,2021-01-09 23
0,2021-01-10 00
0,2021-01-10 01
0,2021-01-10 02
0,2021-01-10 03
0,2021-01-10 04
0,2021-01-10 05
0,2021-01-10 06
0,2021-01-10 07
0,2021-01-10 08
0,2021-01-10 09
0,2021-01-10 10
0,2021-01-10 11
0,2021-01-10 12
0,2021-01-10 13
0,2021-01-10 14
0,2021-01-10 15
0,2021-01-10 16
0,2021-01-10 17
0,2021-01-10 18
0,2021-01-10 19
0,2021-01-10 20
0,2021-01-10 21
0,2021-01-10 22
0,2021-01-10 23
0,2021-01-11 00
0,2021-01-11 01
0,2021-01-11 02
0,2021-01-11 03
0,2021-01-11 04
0,2021-01-11 05
0,2021-01-11 06
0,2021-01-11 07
0,2021-01-11 08
0,2021-01-11 09
0,2021-01-11 10
0,2021-01-11 11
0,2021-01-11 12
0,2021-01-11 13
0,2021-01-11 14
0,2021-01-11 15
0,2021-01-11 16
0,2021-01-11 17
0,2021-01-11 18
0,2021-01-11 19
0,2021-01-11 20
0,2021-01-11 21
0,2021-01-11 22
0,2021-01-11 23
0,2021-01-12 00
0,2021-01-12 01
0,2021-01-12 02
0,2021-01-12 03
0,2021-01-12 04
0,2021-01-12 05
0,2021-01-12 06
0,2021-01-12 07
0,2021-01-12 08
0,2021-01-12 09
0,2021-01-12 10
0,2021-01-12 11
0,2021-01-12 12
0,2021-01-12 13
0,2021-01-12 14
0,2021-01-12 15
0.1,2021-01-12 16
0.4,2021-01-12 17
0.9,2021-01-12 18
1,2021-01-12 19
1,2021-01-12 20
0.6,2021-01-12 21
0.8,2021-01-12 22
1.2,2021-01-12 23
1.1,2021-01-13 00
0.5,2021-01-13 01
0.2,2021-01-13 02
0,2021-01-13 03
0,2021-01-13 04
0.1,2021-01-13 05
0.5,2021-01-13 06
0.3,2021-01-13 07
0.3,2021-01-13 08
0.2,2021-01-13 09
0,2021-01-13 10
0,2021-01-13 11
0,2021-01-13 12
0,2021-01-13 13
0,2021-01-13 14
0,2021-01-13 15
0,2021-01-13 16
0,2021-01-13 17
0,2021-01-13 18
0,2021-01-13 19
0,2021-01-13 20
0,2021-01-13 21
0,2021-01-13 22
0.1,2021-01-13 23
0.3,2021-01-14 00
0.3,2021-01-14 01
0.3,2021-01-14 02
0.9,2021-01-14 03
0.3,2021-01-14 04
0.4,2021-01-14 05
0.6,2021-01-14 06
0.1,2021-01-14 07
0,2021-01-14 08
0,2021-01-14 09
0.1,2021-01-14 10
0.3,2021-01-14 11
0.6,2021-01-14 12
0.6,2021-01-14 13
0.3,2021-01-14 14
0.2,2021-01-14 15
0.2,2021-01-14 16
0.1,2021-01-14 17
0,2021-01-14 18
0,2021-01-14 19
0,2021-01-14 20
0,2021-01-14 21
0,2021-01-14 22
0,2021-01-14 23
0,2021-01-15 00
0,2021-01-15 01
0,2021-01-15 02
0,2021-01-15 03
0,2021-01-15 04
0,2021-01-15 05
0,2021-01-15 06
0,2021-01-15 07
0,2021-01-15 08
0,2021-01-15 09
0,2021-01-15 10
0,2021-01-15 11
0,2021-01-15 12
0,2021-01-15 13
0,2021-01-15 14
0,2021-01-15 15
0,2021-01-15 16
0,2021-01-15 17
0,2021-01-15 18
0,2021-01-15 19
0.1,2021-01-15 20
0.5,2021-01-15 21
0.4,2021-01-15 22
0.3,2021-01-15 23
0,2021-01-16 00
0.1,2021-01-16 01
0.1,2021-01-16 02
0.1,2021-01-16 03
0.2,2021-01-16 04
0.1,2021-01-16 05
0.2,2021-01-16 06
0.4,2021-01-16 07
0.3,2021-01-16 08
0.2,2021-01-16 09
0.1,2021-01-16 10
0,2021-01-16 11
0,2021-01-16 12
0,2021-01-16 13
0,2021-01-16 14
0,2021-01-16 15
0,2021-01-16 16
0,2021-01-16 17
0,2021-01-16 18
0,2021-01-16 19
0,2021-01-16 20
0,2021-01-16 21
0,2021-01-16 22
0,2021-01-16 23
0,2021-01-17 00
0,2021-01-17 01
0,2021-01-17 02
0,2021-01-17 03
0,2021-01-17 04
0,2021-01-17 05
0,2021-01-17 06
0,2021-01-17 07
0,2021-01-17 08
0.2,2021-01-17 09
0.3,2021-01-17 10
0.1,2021-01-17 11
0,2021-01-17 12
0,2021-01-17 13
0,2021-01-17 14
0,2021-01-17 15
0,2021-01-17 16
0,2021-01-17 17
0,2021-01-17 18
0,2021-01-17 19
0,2021-01-17 20
0.1,2021-01-17 21
0.1,2021-01-17 22
0.2,2021-01-17 23
0.4,2021-01-18 00
0.9,2021-01-18 01
0.7,2021-01-18 02
0.5,2021-01-18 03
0.4,2021-01-18 04
0.2,2021-01-18 05
0.4,2021-01-18 06
0.1,2021-01-18 07
0.1,2021-01-18 08
0.4,2021-01-18 09
0.9,2021-01-18 10
0.8,2021-01-18 11
0.4,2021-01-18 12
0.3,2021-01-18 13
0.1,2021-01-18 14
0,2021-01-18 15
0,2021-01-18 16
0,2021-01-18 17
0,2021-01-18 18
0,2021-01-18 19
0,2021-01-18 20
0,2021-01-18 21
0,2021-01-18 22
0,2021-01-18 23
0,2021-01-19 00
0,2021-01-19 01
0,2021-01-19 02
0,2021-01-19 03
0,2021-01-19 04
0,2021-01-19 05
0,2021-01-19 06
0,2021-01-19 07
0,2021-01-19 08
0,2021-01-19 09
0,2021-01-19 10
0,2021-01-19 11
0,2021-01-19 12
0,2021-01-19 13
0,2021-01-19 14
0,2021-01-19 15
0,2021-01-19 16
0,2021-01-19 17
0.2,2021-01-19 18
0.2,2021-01-19 19
0.1,2021-01-19 20
0.1,2021-01-19 21
0.7,2021-01-19 22
0,2021-01-19 23
0,2021-01-20 00
0,2021-01-20 01
0,2021-01-20 02
0,2021-01-20 03
0,2021-01-20 04
0,2021-01-20 05
0,2021-01-20 06
0,2021-01-20 07
0,2021-01-20 08
0,2021-01-20 09
0,2021-01-20 10
0,2021-01-20 11
0,2021-01-20 12
0,2021-01-20 13
0,2021-01-20 14
0,2021-01-20 15
0,2021-01-20 16
0,2021-01-20 17
0,2021-01-20 18
0,2021-01-20 19
0,2021-01-20 20
0,2021-01-20 21
0,2021-01-20 22
0,2021-01-20 23
0,2021-01-21 00
0,2021-01-21 01
0,2021-01-21 02
0,2021-01-21 03
0,2021-01-21 04
0,2021-01-21 05
0,2021-01-21 06
0,2021-01-21 07
0,2021-01-21 08
0,2021-01-21 09
0,2021-01-21 10
0,2021-01-21 11
0,2021-01-21 12
0,2021-01-21 13
0,2021-01-21 14
0,2021-01-21 15
0,2021-01-21 16
0,2021-01-21 17
0,2021-01-21 18
0,2021-01-21 19
0,2021-01-21 20
0,2021-01-21 21
0,2021-01-21 22
0,2021-01-21 23
0,2021-01-22 00
0,2021-01-22 01
0,2021-01-22 02
0,2021-01-22 03
0,2021-01-22 04
0,2021-01-22 05
0,2021-01-22 06
0,2021-01-22 07
0,2021-01-22 08
0,2021-01-22 09
0,2021-01-22 10
0,2021-01-22 11
0,2021-01-22 12
0,2021-01-22 13
0,2021-01-22 14
0,2021-01-22 15
0,2021-01-22 16
0,2021-01-22 17
0,2021-01-22 18
0,2021-01-22 19
0,2021-01-22 20
0,2021-01-22 21
0,2021-01-22 22
0,2021-01-22 23
0,2021-01-23 00
0,2021-01-23 01
0,2021-01-23 02
0,2021-01-23 03
0,2021-01-23 04
1.4,2021-01-23 05
0.9,2021-01-23 06
1.2,2021-01-23 07
0.2,2021-01-23 08
0,2021-01-23 09
0,2021-01-23 10
0.2,2021-01-23 11
0.1,2021-01-23 12
0.1,2021-01-23 13
0,2021-01-23 14
0,2021-01-23 15
0,2021-01-23 16
0,2021-01-23 17
0,2021-01-23 18
0,2021-01-23 19
0,2021-01-23 20
0,2021-01-23 21
0,2021-01-23 22
0,2021-01-23 23
0,2021-01-24 00
0,2021-01-24 01
0,2021-01-24 02
0,2021-01-24 03
0,2021-01-24 04
0,2021-01-24 05
0,2021-01-24 06
0,2021-01-24 07
0,2021-01-24 08
0,2021-01-24 09
0,2021-01-24 10
0,2021-01-24 11
0,2021-01-24 12
0,2021-01-24 13
0,2021-01-24 14
0,2021-01-24 15
0,2021-01-24 16
0,2021-01-24 17
0,2021-01-24 18
0,2021-01-24 19
0,2021-01-24 20
0,2021-01-24 21
0,2021-01-24 22
0,2021-01-24 23
0,2021-01-25 00
0,2021-01-25 01
0,2021-01-25 02
0,2021-01-25 03
0,2021-01-25 04
0,2021-01-25 05
0,2021-01-25 06
0,2021-01-25 07
0,2021-01-25 08
0,2021-01-25 09
0,2021-01-25 10
0,2021-01-25 11
0,2021-01-25 12
0,2021-01-25 13
0.2,2021-01-25 14
0.4,2021-01-25 15
1.5,2021-01-25 16
1.2,2021-01-25 17
0.8,2021-01-25 18
0.7,2021-01-25 19
0.8,2021-01-25 20
2.3,2021-01-25 21
2.1,2021-01-25 22
1.3,2021-01-25 23
1.2,2021-01-26 00
1.5,2021-01-26 01
1.2,2021-01-26 02
0.2,2021-01-26 03
0.8,2021-01-26 04
0.5,2021-01-26 05
0.3,2021-01-26 06
0,2021-01-26 07
0,2021-01-26 08
0,2021-01-26 09
0.2,2021-01-26 10
0.5,2021-01-26 11
0.2,2021-01-26 12
0.1,2021-01-26 13
0.2,2021-01-26 14
0,2021-01-26 15
0.1,2021-01-26 16
0,2021-01-26 17
0,2021-01-26 18
0,2021-01-26 19
0.1,2021-01-26 20
0.1,2021-01-26 21
0,2021-01-26 22
0.1,2021-01-26 23
0,2021-01-27 00
0,2021-01-27 01
0,2021-01-27 02
0.1,2021-01-27 03
0,2021-01-27 04
0,2021-01-27 05
0,2021-01-27 06
0,2021-01-27 07
0,2021-01-27 08
0,2021-01-27 09
0,2021-01-27 10
0,2021-01-27 11
0,2021-01-27 12
0,2021-01-27 13
0,2021-01-27 14
0,2021-01-27 15
0,2021-01-27 16
0,2021-01-27 17
0,2021-01-27 18
0,2021-01-27 19
0,2021-01-27 20
0.2,2021-01-27 21
0.4,2021-01-27 22
0.2,2021-01-27 23
0.1,2021-01-28 00
0.1,2021-01-28 01
0.1,2021-01-28 02
0.2,2021-01-28 03
0,2021-01-28 04
0,2021-01-28 05
0,2021-01-28 06
0,2021-01-28 07
0,2021-01-28 08
0,2021-01-28 09
0,2021-01-28 10
0.1,2021-01-28 11
0.4,2021-01-28 12
2.2,2021-01-28 13
2.9,2021-01-28 14
1.7,2021-01-28 15
1.2,2021-01-28 16
3.2,2021-01-28 17
0.7,2021-01-28 18
0.9,2021-01-28 19
1.1,2021-01-28 20
0.4,2021-01-28 21
0.4,2021-01-28 22
0.2,2021-01-28 23
0.2,2021-01-29 00
0.3,2021-01-29 01
0.1,2021-01-29 02
0.1,2021-01-29 03
0.2,2021-01-29 04
0.9,2021-01-29 05
0.3,2021-01-29 06
1.3,2021-01-29 07
1.3,2021-01-29 08
0.1,2021-01-29 09
0.2,2021-01-29 10
0,2021-01-29 11
0,2021-01-29 12
0,2021-01-29 13
0,2021-01-29 14
0,2021-01-29 15
0.1,2021-01-29 16
0,2021-01-29 17
0.6,2021-01-29 18
0.1,2021-01-29 19
0,2021-01-29 20
0,2021-01-29 21
0.1,2021-01-29 22
0.7,2021-01-29 23
0.2,2021-01-30 00
0.3,2021-01-30 01
0.1,2021-01-30 02
0.3,2021-01-30 03
0.5,2021-01-30 04
0.2,2021-01-30 05
0,2021-01-30 06
0,2021-01-30 07
0.2,2021-01-30 08
0,2021-01-30 09
0,2021-01-30 10
0,2021-01-30 11
0,2021-01-30 12
0,2021-01-30 13
0,2021-01-30 14
0,2021-01-30 15
0,2021-01-30 16
0,2021-01-30 17
0.2,2021-01-30 18
0.3,2021-01-30 19
0.5,2021-01-30 20
0.4,2021-01-30 21
0.3,2021-01-30 22
0.2,2021-01-30 23
0.1,2021-01-31 00
0,2021-01-31 01
0.1,2021-01-31 02
0.5,2021-01-31 03
0.2,2021-01-31 04
0.3,2021-01-31 05
0.2,2021-01-31 06
0.2,2021-01-31 07
0.1,2021-01-31 08
0.1,2021-01-31 09
0.1,2021-01-31 10
0,2021-01-31 11
0,2021-01-31 12
0,2021-01-31 13
0,2021-01-31 14
0,2021-01-31 15
0,2021-01-31 16
0,2021-01-31 17
0,2021-01-31 18
0,2021-01-31 19
0,2021-01-31 20
0,2021-01-31 21
0,2021-01-31 22
0,2021-01-31 23
0,2021-02-01 00
0,2021-02-01 01
0,2021-02-01 02
0,2021-02-01 03
0,2021-02-01 04
0,2021-02-01 05
0,2021-02-01 06
0,2021-02-01 07
0,2021-02-01 08
0,2021-02-01 09
0,2021-02-01 10
0,2021-02-01 11
0,2021-02-01 12
0,2021-02-01 13
0,2021-02-01 14
0,2021-02-01 15
0,2021-02-01 16
0,2021-02-01 17
0,2021-02-01 18
0.1,2021-02-01 19
0.1,2021-02-01 20
0.2,2021-02-01 21
0,2021-02-01 22
0,2021-02-01 23
0,2021-02-02 00
0,2021-02-02 01
0.2,2021-02-02 02
0.4,2021-02-02 03
0.3,2021-02-02 04
0,2021-02-02 05
0.1,2021-02-02 06
0.1,2021-02-02 07
0.1,2021-02-02 08
0.1,2021-02-02 09
0.1,2021-02-02 10
0,2021-02-02 11
0,2021-02-02 12
0,2021-02-02 13
0,2021-02-02 14
0,2021-02-02 15
0.5,2021-02-02 16
0.1,2021-02-02 17
0,2021-02-02 18
0,2021-02-02 19
0,2021-02-02 20
0,2021-02-02 21
0,2021-02-02 22
0,2021-02-02 23
0.1,2021-02-03 00
0.7,2021-02-03 01
1.1,2021-02-03 02
1.7,2021-02-03 03
0.3,2021-02-03 04
1.5,2021-02-03 05
0.5,2021-02-03 06
0,2021-02-03 07
0,2021-02-03 08
0,2021-02-03 09
0,2021-02-03 10
0,2021-02-03 11
0,2021-02-03 12
0.1,2021-02-03 13
0,2021-02-03 14
0,2021-02-03 15
0,2021-02-03 16
0.4,2021-02-03 17
0.6,2021-02-03 18
1,2021-02-03 19
0.2,2021-02-03 20
1,2021-02-03 21
0.7,2021-02-03 22
0.3,2021-02-03 23
0,2021-02-04 00
0,2021-02-04 01
0,2021-02-04 02
0,2021-02-04 03
0,2021-02-04 04
0,2021-02-04 05
0,2021-02-04 06
0,2021-02-04 07
0,2021-02-04 08
0,2021-02-04 09
0,2021-02-04 10
0,2021-02-04 11
0,2021-02-04 12
0,2021-02-04 13
0,2021-02-04 14
0,2021-02-04 15
0,2021-02-04 16
0,2021-02-04 17
0,2021-02-04 18
0,2021-02-04 19
0,2021-02-04 20
0,2021-02-04 21
0,2021-02-04 22
0.3,2021-02-04 23
0.5,2021-02-05 00
0.5,2021-02-05 01
0.2,2021-02-05 02
0,2021-02-05 03
0,2021-02-05 04
0,2021-02-05 05
0,2021-02-05 06
0,2021-02-05 07
0,2021-02-05 08
0,2021-02-05 09
0,2021-02-05 10
0,2021-02-05 11
0,2021-02-05 12
0,2021-02-05 13
0,2021-02-05 14
0,2021-02-05 15
0,2021-02-05 16
0,2021-02-05 17
0,2021-02-05 18
0,2021-02-05 19
0,2021-02-05 20
0,2021-02-05 21
0,2021-02-05 22
0,2021-02-05 23
0,2021-02-06 00
0,2021-02-06 01
0,2021-02-06 02
0,2021-02-06 03
0,2021-02-06 04
0,2021-02-06 05
0,2021-02-06 06
0,2021-02-06 07
0,2021-02-06 08
0,2021-02-06 09
0,2021-02-06 10
0,2021-02-06 11
0,2021-02-06 12
0,2021-02-06 13
0,2021-02-06 14
0,2021-02-06 15
0,2021-02-06 16
0,2021-02-06 17
0,2021-02-06 18
0,2021-02-06 19
0,2021-02-06 20
0,2021-02-06 21
0,2021-02-06 22
0,2021-02-06 23
0,2021-02-07 00
0,2021-02-07 01
0,2021-02-07 02
0,2021-02-07 03
0,2021-02-07 04
0,2021-02-07 05
0,2021-02-07 06
0,2021-02-07 07
0,2021-02-07 08
0,2021-02-07 09
0,2021-02-07 10
0,2021-02-07 11
0,2021-02-07 12
0,2021-02-07 13
0,2021-02-07 14
0,2021-02-07 15
0,2021-02-07 16
0,2021-02-07 17
0,2021-02-07 18
0,2021-02-07 19
0.5,2021-02-07 20
1.6,2021-02-07 21
0.6,2021-02-07 22
1,2021-02-07 23
0.3,2021-02-08 00
0.1,2021-02-08 01
0,2021-02-08 02
0,2021-02-08 03
0,2021-02-08 04
0,2021-02-08 05
0.1,2021-02-08 06
0.2,2021-02-08 07
0.1,2021-02-08 08
0,2021-02-08 09
0,2021-02-08 10
0,2021-02-08 11
0,2021-02-08 12
0,2021-02-08 13
0,2021-02-08 14
0,2021-02-08 15
0,2021-02-08 16
0,2021-02-08 17
0,2021-02-08 18
0,2021-02-08 19
0,2021-02-08 20
0,2021-02-08 21
0,2021-02-08 22
0,2021-02-08 23
0,2021-02-09 00
0,2021-02-09 01
0,2021-02-09 02
0,2021-02-09 03
0,2021-02-09 04
0,2021-02-09 05
0,2021-02-09 06
0,2021-02-09 07
0,2021-02-09 08
0,2021-02-09 09
0,2021-02-09 10
0,2021-02-09 11
0,2021-02-09 12
0,2021-02-09 13
0,2021-02-09 14
0.1,2021-02-09 15
0.1,2021-02-09 16
0,2021-02-09 17
0,2021-02-09 18
0,2021-02-09 19
0,2021-02-09 20
0,2021-02-09 21
0,2021-02-09 22
0,2021-02-09 23
0,2021-02-10 00
0,2021-02-10 01
0,2021-02-10 02
0,2021-02-10 03
0,2021-02-10 04
0,2021-02-10 05
0,2021-02-10 06
0,2021-02-10 07
0,2021-02-10 08
0,2021-02-10 09
0,2021-02-10 10
0,2021-02-10 11
0,2021-02-10 12
0,2021-02-10 13
0,2021-02-10 14
0.1,2021-02-10 15
0.3,2021-02-10 16
0.4,2021-02-10 17
0.6,2021-02-10 18
0.2,2021-02-10 19
0.1,2021-02-10 20
0.1,2021-02-10 21
0,2021-02-10 22
0,2021-02-10 23
0.1,2021-02-11 00
0.2,2021-02-11 01
0,2021-02-11 02
0,2021-02-11 03
0,2021-02-11 04
0,2021-02-11 05
0,2021-02-11 06
0,2021-02-11 07
0,2021-02-11 08
0,2021-02-11 09
0,2021-02-11 10
0,2021-02-11 11
0,2021-02-11 12
0,2021-02-11 13
0,2021-02-11 14
0,2021-02-11 15
0,2021-02-11 16
0,2021-02-11 17
0,2021-02-11 18
0,2021-02-11 19
0,2021-02-11 20
0,2021-02-11 21
0,2021-02-11 22
0,2021-02-11 23
0,2021-02-12 00
0,2021-02-12 01
0,2021-02-12 02
0,2021-02-12 03
0,2021-02-12 04
0,2021-02-12 05
0,2021-02-12 06
0,2021-02-12 07
0,2021-02-12 08
0,2021-02-12 09
0,2021-02-12 10
0,2021-02-12 11
0,2021-02-12 12
0,2021-02-12 13
0,2021-02-12 14
0,2021-02-12 15
0,2021-02-12 16
0,2021-02-12 17
0,2021-02-12 18
0,2021-02-12 19
0,2021-02-12 20
0,2021-02-12 21
0,2021-02-12 22
0,2021-02-12 23
0,2021-02-13 00
0,2021-02-13 01
0,2021-02-13 02
0,2021-02-13 03
0,2021-02-13 04
0,2021-02-13 05
0,2021-02-13 06
0,2021-02-13 07
0,2021-02-13 08
0,2021-02-13 09
0,2021-02-13 10
0,2021-02-13 11
0,2021-02-13 12
0,2021-02-13 13
0,2021-02-13 14
0,2021-02-13 15
0,2021-02-13 16
0,2021-02-13 17
0,2021-02-13 18
0,2021-02-13 19
0,2021-02-13 20
0,2021-02-13 21
0,2021-02-13 22
0,2021-02-13 23
0,2021-02-14 00
0,2021-02-14 01
0,2021-02-14 02
0,2021-02-14 03
0,2021-02-14 04
0,2021-02-14 05
0,2021-02-14 06
0,2021-02-14 07
0,2021-02-14 08
0,2021-02-14 09
0,2021-02-14 10
0,2021-02-14 11
0,2021-02-14 12
0,2021-02-14 13
0,2021-02-14 14
0,2021-02-14 15
0,2021-02-14 16
0,2021-02-14 17
0,2021-02-14 18
0,2021-02-14 19
0,2021-02-14 20
0,2021-02-14 21
0,2021-02-14 22
0,2021-02-14 23
0,2021-02-15 00
0,2021-02-15 01
0,2021-02-15 02
0,2021-02-15 03
0,2021-02-15 04
0,2021-02-15 05
0,2021-02-15 06
0,2021-02-15 07
0,2021-02-15 08
0,2021-02-15 09
0,2021-02-15 10
0,2021-02-15 11
0,2021-02-15 12
0,2021-02-15 13
0,2021-02-15 14
0,2021-02-15 15
0,2021-02-15 16
0,2021-02-15 17
0,2021-02-15 18
0,2021-02-15 19
0.1,2021-02-15 20
0.2,2021-02-15 21
0,2021-02-15 22
0.4,2021-02-15 23
0.4,2021-02-16 00
0.2,2021-02-16 01
1.1,2021-02-16 02
1,2021-02-16 03
1.1,2021-02-16 04
0.5,2021-02-16 05
0.3,2021-02-16 06
0.5,2021-02-16 07
0.3,2021-02-16 08
0.1,2021-02-16 09
0.1,2021-02-16 10
0,2021-02-16 11
0,2021-02-16 12
0,2021-02-16 13
0,2021-02-16 14
0,2021-02-16 15
0,2021-02-16 16
0,2021-02-16 17
0,2021-02-16 18
0,2021-02-16 19
0,2021-02-16 20
0,2021-02-16 21
0,2021-02-16 22
0,2021-02-16 23
0.1,2021-02-17 00
0,2021-02-17 01
0,2021-02-17 02
0.2,2021-02-17 03
1.2,2021-02-17 04
2.4,2021-02-17 05
1.8,2021-02-17 06
1.4,2021-02-17 07
0.6,2021-02-17 08
1.4,2021-02-17 09
0.5,2021-02-17 10
0,2021-02-17 11
0,2021-02-17 12
0,2021-02-17 13
0,2021-02-17 14
0,2021-02-17 15
0,2021-02-17 16
0,2021-02-17 17
0,2021-02-17 18
0,2021-02-17 19
0,2021-02-17 20
0,2021-02-17 21
0,2021-02-17 22
0,2021-02-17 23
0,2021-02-18 00
0,2021-02-18 01
0,2021-02-18 02
0,2021-02-18 03
0,2021-02-18 04
0,2021-02-18 05
0,2021-02-18 06
0,2021-02-18 07
0,2021-02-18 08
0,2021-02-18 09
0,2021-02-18 10
0,2021-02-18 11
0,2021-02-18 12
0,2021-02-18 13
0,2021-02-18 14
0,2021-02-18 15
0,2021-02-18 16
0,2021-02-18 17
0,2021-02-18 18
0,2021-02-18 19
0,2021-02-18 20
0,2021-02-18 21
0,2021-02-18 22
0,2021-02-18 23
0,2021-02-19 00
0,2021-02-19 01
0,2021-02-19 02
0,2021-02-19 03
0,2021-02-19 04
0,2021-02-19 05
0,2021-02-19 06
0,2021-02-19 07
0,2021-02-19 08
0,2021-02-19 09
0,2021-02-19 10
0,2021-02-19 11
0,2021-02-19 12
0,2021-02-19 13
0,2021-02-19 14
0,2021-02-19 15
0,2021-02-19 16
0,2021-02-19 17
0,2021-02-19 18
0,2021-02-19 19
0,2021-02-19 20
0,2021-02-19 21
0,2021-02-19 22
0,2021-02-19 23
0,2021-02-20 00
0,2021-02-20 01
0,2021-02-20 02
0,2021-02-20 03
0,2021-02-20 04
0,2021-02-20 05
0,2021-02-20 06
0,2021-02-20 07
0,2021-02-20 08
0,2021-02-20 09
0,2021-02-20 10
0,2021-02-20 11
0,2021-02-20 12
0,2021-02-20 13
0,2021-02-20 14
0,2021-02-20 15
0,2021-02-20 16
0,2021-02-20 17
0,2021-02-20 18
0,2021-02-20 19
0,2021-02-20 20
0,2021-02-20 21
0,2021-02-20 22
0,2021-02-20 23
0,2021-02-21 00
0,2021-02-21 01
0,2021-02-21 02
0,2021-02-21 03
0,2021-02-21 04
0,2021-02-21 05
0,2021-02-21 06
0,2021-02-21 07
0,2021-02-21 08
0,2021-02-21 09
0,2021-02-21 10
0,2021-02-21 11
0,2021-02-21 12
0,2021-02-21 13
0,2021-02-21 14
0,2021-02-21 15
0,2021-02-21 16
0,2021-02-21 17
0,2021-02-21 18
0,2021-02-21 19
0,2021-02-21 20
0,2021-02-21 21
0,2021-02-21 22
0,2021-02-21 23
0,2021-02-22 00
0,2021-02-22 01
0,2021-02-22 02
0,2021-02-22 03
0,2021-02-22 04
0,2021-02-22 05
0,2021-02-22 06
0,2021-02-22 07
0,2021-02-22 08
0,2021-02-22 09
0,2021-02-22 10
0,2021-02-22 11
0,2021-02-22 12
0,2021-02-22 13
0,2021-02-22 14
0,2021-02-22 15
0,2021-02-22 16
0,2021-02-22 17
0,2021-02-22 18
0,2021-02-22 19
0,2021-02-22 20
0,2021-02-22 21
0,2021-02-22 22
0,2021-02-22 23
0,2021-02-23 00
0,2021-02-23 01
0,2021-02-23 02
0,2021-02-23 03
0,2021-02-23 04
0,2021-02-23 05
0,2021-02-23 06
0,2021-02-23 07
0,2021-02-23 08
0,2021-02-23 09
0,2021-02-23 10
0,2021-02-23 11
0,2021-02-23 12
0,2021-02-23 13
0,2021-02-23 14
0,2021-02-23 15
0,2021-02-23 16
0,2021-02-23 17
0,2021-02-23 18
0,2021-02-23 19
0,2021-02-23 20
0,2021-02-23 21
0,2021-02-23 22
0,2021-02-23 23
0,2021-02-24 00
0,2021-02-24 01
0,2021-02-24 02
0,2021-02-24 03
0,2021-02-24 04
0,2021-02-24 05
0,2021-02-24 06
0,2021-02-24 07
0,2021-02-24 08
0,2021-02-24 09
0,2021-02-24 10
0,2021-02-24 11
0,2021-02-24 12
0,2021-02-24 13
0,2021-02-24 14
0,2021-02-24 15
0,2021-02-24 16
0,2021-02-24 17
0,2021-02-24 18
0,2021-02-24 19
0,2021-02-24 20
0,2021-02-24 21
0,2021-02-24 22
0,2021-02-24 23
0,2021-02-25 00
0,2021-02-25 01
0,2021-02-25 02
0,2021-02-25 03
0,2021-02-25 04
0,2021-02-25 05
0,2021-02-25 06
0,2021-02-25 07
0,2021-02-25 08
0,2021-02-25 09
0,2021-02-25 10
0,2021-02-25 11
0,2021-02-25 12
0,2021-02-25 13
0,2021-02-25 14
0,2021-02-25 15
0,2021-02-25 16
0,2021-02-25 17
0,2021-02-25 18
0,2021-02-25 19
0,2021-02-25 20
0,2021-02-25 21
0,2021-02-25 22
0,2021-02-25 23
0,2021-02-26 00
0,2021-02-26 01
0,2021-02-26 02
0,2021-02-26 03
0,2021-02-26 04
0,2021-02-26 05
0,2021-02-26 06
0,2021-02-26 07
0,2021-02-26 08
0,2021-02-26 09
0,2021-02-26 10
0,2021-02-26 11
0,2021-02-26 12
0,2021-02-26 13
0,2021-02-26 14
0,2021-02-26 15
0,2021-02-26 16
0,2021-02-26 17
0,2021-02-26 18
0,2021-02-26 19
0,2021-02-26 20
0,2021-02-26 21
0,2021-02-26 22
0.9,2021-02-26 23
1.8,2021-02-27 00
1.8,2021-02-27 01
1.2,2021-02-27 02
1.2,2021-02-27 03
0.9,2021-02-27 04
0.8,2021-02-27 05
0.3,2021-02-27 06
0.1,2021-02-27 07
0.1,2021-02-27 08
0,2021-02-27 09
0,2021-02-27 10
0,2021-02-27 11
0,2021-02-27 12
0,2021-02-27 13
0,2021-02-27 14
0,2021-02-27 15
0,2021-02-27 16
0,2021-02-27 17
0,2021-02-27 18
0,2021-02-27 19
0,2021-02-27 20
0,2021-02-27 21
0,2021-02-27 22
0,2021-02-27 23
0,2021-02-28 00
0,2021-02-28 01
0,2021-02-28 02
0,2021-02-28 03
0,2021-02-28 04
0,2021-02-28 05
0,2021-02-28 06
0,2021-02-28 07
0,2021-02-28 08
0,2021-02-28 09
0,2021-02-28 10
0,2021-02-28 11
0,2021-02-28 12
0,2021-02-28 13
0,2021-02-28 14
0,2021-02-28 15
0,2021-02-28 16
0,2021-02-28 17
0,2021-02-28 18
0,2021-02-28 19
0,2021-02-28 20
0,2021-02-28 21
0,2021-02-28 22
0,2021-02-28 23
0,2021-03-01 00
0,2021-03-01 01
0,2021-03-01 02
0,2021-03-01 03
0,2021-03-01 04
0,2021-03-01 05
0,2021-03-01 06
0,2021-03-01 07
0,2021-03-01 08
0,2021-03-01 09
0,2021-03-01 10
0,2021-03-01 11
0,2021-03-01 12
0,2021-03-01 13
0,2021-03-01 14
0,2021-03-01 15
0,2021-03-01 16
0,2021-03-01 17
0,2021-03-01 18
0,2021-03-01 19
0,2021-03-01 20
0,2021-03-01 21
0,2021-03-01 22
0,2021-03-01 23
0,2021-03-02 00
0,2021-03-02 01
0,2021-03-02 02
0,2021-03-02 03
0,2021-03-02 04
0,2021-03-02 05
0,2021-03-02 06
0,2021-03-02 07
0,2021-03-02 08
0,2021-03-02 09
0,2021-03-02 10
0,2021-03-02 11
0,2021-03-02 12
0,2021-03-02 13
0,2021-03-02 14
0,2021-03-02 15
0,2021-03-02 16
0,2021-03-02 17
0,2021-03-02 18
0,2021-03-02 19
0,2021-03-02 20
0,2021-03-02 21
0,2021-03-02 22
0,2021-03-02 23
0,2021-03-03 00
0,2021-03-03 01
0,2021-03-03 02
0,2021-03-03 03
0,2021-03-03 04
0,2021-03-03 05
0,2021-03-03 06
0,2021-03-03 07
0,2021-03-03 08
0,2021-03-03 09
0,2021-03-03 10
0,2021-03-03 11
0,2021-03-03 12
0,2021-03-03 13
0,2021-03-03 14
0,2021-03-03 15
0,2021-03-03 16
0,2021-03-03 17
0,2021-03-03 18
0,2021-03-03 19
0,2021-03-03 20
0,2021-03-03 21
0,2021-03-03 22
0,2021-03-03 23
0,2021-03-04 00
0,2021-03-04 01
0,2021-03-04 02
0,2021-03-04 03
0,2021-03-04 04
0,2021-03-04 05
0.1,2021-03-04 06
0,2021-03-04 07
0,2021-03-04 08
0,2021-03-04 09
0,2021-03-04 10
0,2021-03-04 11
0,2021-03-04 12
0.2,2021-03-04 13
0,2021-03-04 14
0,2021-03-04 15
0,2021-03-04 16
0,2021-03-04 17
0,2021-03-04 18
0,2021-03-04 19
0,2021-03-04 20
0,2021-03-04 21
0,2021-03-04 22
0,2021-03-04 23
0.1,2021-03-05 00
0.3,2021-03-05 01
0.3,2021-03-05 02
0.3,2021-03-05 03
0.6,2021-03-05 04
0.4,2021-03-05 05
0.1,2021-03-05 06
0.5,2021-03-05 07
0.4,2021-03-05 08
1.2,2021-03-05 09
0.8,2021-03-05 10
1.1,2021-03-05 11
0.8,2021-03-05 12
0.6,2021-03-05 13
0.3,2021-03-05 14
0.4,2021-03-05 15
0.4,2021-03-05 16
0.3,2021-03-05 17
0.6,2021-03-05 18
0.6,2021-03-05 19
0.2,2021-03-05 20
0,2021-03-05 21
0.1,2021-03-05 22
0.2,2021-03-05 23
0,2021-03-06 00
0,2021-03-06 01
0,2021-03-06 02
0,2021-03-06 03
0,2021-03-06 04
0,2021-03-06 05
0,2021-03-06 06
0,2021-03-06 07
0,2021-03-06 08
0,2021-03-06 09
0,2021-03-06 10
0,2021-03-06 11
0,2021-03-06 12
0,2021-03-06 13
0,2021-03-06 14
0,2021-03-06 15
0,2021-03-06 16
0,2021-03-06 17
0,2021-03-06 18
0,2021-03-06 19
0,2021-03-06 20
0,2021-03-06 21
0,2021-03-06 22
0,2021-03-06 23
0,2021-03-07 00
0,2021-03-07 01
0,2021-03-07 02
0,2021-03-07 03
0,2021-03-07 04
0,2021-03-07 05
0,2021-03-07 06
0,2021-03-07 07
0,2021-03-07 08
0,2021-03-07 09
0,2021-03-07 10
0,2021-03-07 11
0,2021-03-07 12
0,2021-03-07 13
0,2021-03-07 14
0,2021-03-07 15
0,2021-03-07 16
0,2021-03-07 17
0.3,2021-03-07 18
0.3,2021-03-07 19
0.7,2021-03-07 20
0,2021-03-07 21
0.6,2021-03-07 22
0.8,2021-03-07 23
0.3,2021-03-08 00
0,2021-03-08 01
0.1,2021-03-08 02
0,2021-03-08 03
0,2021-03-08 04
0,2021-03-08 05
0,2021-03-08 06
0,2021-03-08 07
0,2021-03-08 08
0,2021-03-08 09
0,2021-03-08 10
0,2021-03-08 11
0,2021-03-08 12
0,2021-03-08 13
0,2021-03-08 14
0,2021-03-08 15
0,2021-03-08 16
0,2021-03-08 17
0,2021-03-08 18
0,2021-03-08 19
0,2021-03-08 20
0,2021-03-08 21
0,2021-03-08 22
0,2021-03-08 23
0,2021-03-09 00
0,2021-03-09 01
0,2021-03-09 02
0,2021-03-09 03
0,2021-03-09 04
0,2021-03-09 05
0,2021-03-09 06
0,2021-03-09 07
0,2021-03-09 08
0,2021-03-09 09
0,2021-03-09 10
0,2021-03-09 11
0,2021-03-09 12
0,2021-03-09 13
0,2021-03-09 14
0,2021-03-09 15
0,2021-03-09 16
0,2021-03-09 17
0,2021-03-09 18
0,2021-03-09 19
0,2021-03-09 20
0,2021-03-09 21
0,2021-03-09 22
0,2021-03-09 23
0,2021-03-10 00
0,2021-03-10 01
0.1,2021-03-10 02
0.4,2021-03-10 03
0.6,2021-03-10 04
0.7,2021-03-10 05
0.7,2021-03-10 06
0.6,2021-03-10 07
0.2,2021-03-10 08
0.8,2021-03-10 09
0.9,2021-03-10 10
0.7,2021-03-10 11
2,2021-03-10 12
0.7,2021-03-10 13
0.1,2021-03-10 14
0.2,2021-03-10 15
0.2,2021-03-10 16
0,2021-03-10 17
0,2021-03-10 18
0,2021-03-10 19
0,2021-03-10 20
0,2021-03-10 21
0,2021-03-10 22
0,2021-03-10 23
0,2021-03-11 00
0,2021-03-11 01
0,2021-03-11 02
0,2021-03-11 03
0,2021-03-11 04
0,2021-03-11 05
0,2021-03-11 06
0,2021-03-11 07
0,2021-03-11 08
0,2021-03-11 09
0,2021-03-11 10
0,2021-03-11 11
0,2021-03-11 12
0,2021-03-11 13
0,2021-03-11 14
0,2021-03-11 15
0,2021-03-11 16
0,2021-03-11 17
0,2021-03-11 18
0,2021-03-11 19
0,2021-03-11 20
1.4,2021-03-11 21
5.4,2021-03-11 22
2.6,2021-03-11 23
1.5,2021-03-12 00
0.6,2021-03-12 01
1.4,2021-03-12 02
0.3,2021-03-12 03
1.8,2021-03-12 04
0.4,2021-03-12 05
0.1,2021-03-12 06
0,2021-03-12 07
0,2021-03-12 08
0,2021-03-12 09
0.1,2021-03-12 10
0,2021-03-12 11
0,2021-03-12 12
0,2021-03-12 13
0,2021-03-12 14
0,2021-03-12 15
0,2021-03-12 16
0,2021-03-12 17
0,2021-03-12 18
0,2021-03-12 19
0,2021-03-12 20
0,2021-03-12 21
0,2021-03-12 22
0,2021-03-12 23
0,2021-03-13 00
0,2021-03-13 01
0,2021-03-13 02
0,2021-03-13 03
0,2021-03-13 04
0,2021-03-13 05
0,2021-03-13 06
0,2021-03-13 07
0,2021-03-13 08
0,2021-03-13 09
0,2021-03-13 10
0,2021-03-13 11
0,2021-03-13 12
0,2021-03-13 13
0,2021-03-13 14
0,2021-03-13 15
0,2021-03-13 16
0,2021-03-13 17
0,2021-03-13 18
0,2021-03-13 19
0,2021-03-13 20
0.1,2021-03-13 21
1.2,2021-03-13 22
2,2021-03-13 23
1.5,2021-03-14 00
0.2,2021-03-14 01
0,2021-03-14 02
0.1,2021-03-14 03
0.2,2021-03-14 04
0.3,2021-03-14 05
0.1,2021-03-14 06
0.3,2021-03-14 07
0.8,2021-03-14 08
1.1,2021-03-14 09
1.5,2021-03-14 10
1.1,2021-03-14 11
0,2021-03-14 12
0.3,2021-03-14 13
0,2021-03-14 14
0,2021-03-14 15
0,2021-03-14 16
0.1,2021-03-14 17
0,2021-03-14 18
0.3,2021-03-14 19
0.1,2021-03-14 20
0,2021-03-14 21
0,2021-03-14 22
0.7,2021-03-14 23
0.5,2021-03-15 00
0.3,2021-03-15 01
1.1,2021-03-15 02
0,2021-03-15 03
0.8,2021-03-15 04
0.3,2021-03-15 05
0,2021-03-15 06
0.2,2021-03-15 07
0,2021-03-15 08
0,2021-03-15 09
0,2021-03-15 10
0,2021-03-15 11
0.1,2021-03-15 12
0.1,2021-03-15 13
0.3,2021-03-15 14
0.9,2021-03-15 15
0.6,2021-03-15 16
0.8,2021-03-15 17
0.5,2021-03-15 18
1,2021-03-15 19
0.3,2021-03-15 20
0,2021-03-15 21
0.1,2021-03-15 22
0,2021-03-15 23
1.7,2021-03-16 00
2.2,2021-03-16 01
0.2,2021-03-16 02
0,2021-03-16 03
0.1,2021-03-16 04
1,2021-03-16 05
0.3,2021-03-16 06
0.5,2021-03-16 07
1.9,2021-03-16 08
0.6,2021-03-16 09
0,2021-03-16 10
0,2021-03-16 11
0,2021-03-16 12
0.1,2021-03-16 13
0.3,2021-03-16 14
0.1,2021-03-16 15
0.1,2021-03-16 16
0,2021-03-16 17
0,2021-03-16 18
0,2021-03-16 19
0,2021-03-16 20
0,2021-03-16 21
0,2021-03-16 22
0,2021-03-16 23
0.3,2021-03-17 00
0.3,2021-03-17 01
0.6,2021-03-17 02
0.3,2021-03-17 03
0.1,2021-03-17 04
0.3,2021-03-17 05
0.4,2021-03-17 06
0.2,2021-03-17 07
0.5,2021-03-17 08
0.3,2021-03-17 09
0.3,2021-03-17 10
0.5,2021-03-17 11
0.1,2021-03-17 12
0,2021-03-17 13
0,2021-03-17 14
0.1,2021-03-17 15
0.3,2021-03-17 16
1.1,2021-03-17 17
0.7,2021-03-17 18
0,2021-03-17 19
0.1,2021-03-17 20
0.1,2021-03-17 21
0.4,2021-03-17 22
0.5,2021-03-17 23
0,2021-03-18 00
0.1,2021-03-18 01
0.4,2021-03-18 02
0.1,2021-03-18 03
0.2,2021-03-18 04
0.1,2021-03-18 05
0.1,2021-03-18 06
0.1,2021-03-18 07
0.5,2021-03-18 08
0.5,2021-03-18 09
0.1,2021-03-18 10
0,2021-03-18 11
0,2021-03-18 12
0.1,2021-03-18 13
0,2021-03-18 14
0.3,2021-03-18 15
0.4,2021-03-18 16
0.2,2021-03-18 17
0.2,2021-03-18 18
0.3,2021-03-18 19
0.2,2021-03-18 20
0.1,2021-03-18 21
0,2021-03-18 22
0,2021-03-18 23
0,2021-03-19 00
0,2021-03-19 01
0,2021-03-19 02
0.1,2021-03-19 03
0.3,2021-03-19 04
0.2,2021-03-19 05
0,2021-03-19 06
0.2,2021-03-19 07
0.2,2021-03-19 08
0.1,2021-03-19 09
0,2021-03-19 10
0.1,2021-03-19 11
0.7,2021-03-19 12
0.2,2021-03-19 13
0.1,2021-03-19 14
0.1,2021-03-19 15
0.1,2021-03-19 16
0,2021-03-19 17
1.4,2021-03-19 18
1.4,2021-03-19 19
0.2,2021-03-19 20
0.4,2021-03-19 21
0.5,2021-03-19 22
0.5,2021-03-19 23
0.7,2021-03-20 00
0.8,2021-03-20 01
0.3,2021-03-20 02
0.2,2021-03-20 03
0.2,2021-03-20 04
0,2021-03-20 05
0.1,2021-03-20 06
0.5,2021-03-20 07
0.3,2021-03-20 08
0,2021-03-20 09
0,2021-03-20 10
0,2021-03-20 11
0.1,2021-03-20 12
0.1,2021-03-20 13
0.2,2021-03-20 14
0.3,2021-03-20 15
0.1,2021-03-20 16
0.1,2021-03-20 17
0.1,2021-03-20 18
0.1,2021-03-20 19
0.1,2021-03-20 20
0,2021-03-20 21
0,2021-03-20 22
0,2021-03-20 23
0,2021-03-21 00
0,2021-03-21 01
0,2021-03-21 02
0,2021-03-21 03
0,2021-03-21 04
0,2021-03-21 05
0,2021-03-21 06
0,2021-03-21 07
0,2021-03-21 08
0,2021-03-21 09
0,2021-03-21 10
0,2021-03-21 11
0,2021-03-21 12
0,2021-03-21 13
0.2,2021-03-21 14
0.2,2021-03-21 15
0.3,2021-03-21 16
0.2,2021-03-21 17
0.2,2021-03-21 18
0,2021-03-21 19
0.5,2021-03-21 20
0.8,2021-03-21 21
0.2,2021-03-21 22
0.1,2021-03-21 23
0.1,2021-03-22 00
0,2021-03-22 01
0,2021-03-22 02
0.2,2021-03-22 03
0.2,2021-03-22 04
0.8,2021-03-22 05
0.6,2021-03-22 06
0.5,2021-03-22 07
0.4,2021-03-22 08
0.4,2021-03-22 09
0.3,2021-03-22 10
0.5,2021-03-22 11
0.3,2021-03-22 12
0.4,2021-03-22 13
0.5,2021-03-22 14
0.5,2021-03-22 15
0.1,2021-03-22 16
0,2021-03-22 17
0,2021-03-22 18
0,2021-03-22 19
0.1,2021-03-22 20
0.1,2021-03-22 21
0.1,2021-03-22 22
0.1,2021-03-22 23
0,2021-03-23 00
0,2021-03-23 01
0,2021-03-23 02
0,2021-03-23 03
0,2021-03-23 04
0,2021-03-23 05
0,2021-03-23 06
0,2021-03-23 07
0,2021-03-23 08
0,2021-03-23 09
0,2021-03-23 10
0,2021-03-23 11
0,2021-03-23 12
0,2021-03-23 13
0,2021-03-23 14
0,2021-03-23 15
0,2021-03-23 16
0,2021-03-23 17
0,2021-03-23 18
0,2021-03-23 19
0,2021-03-23 20
0,2021-03-23 21
0,2021-03-23 22
0,2021-03-23 23
0,2021-03-24 00
0,2021-03-24 01
0,2021-03-24 02
0,2021-03-24 03
0,2021-03-24 04
0,2021-03-24 05
0,2021-03-24 06
0,2021-03-24 07
0,2021-03-24 08
0,2021-03-24 09
0,2021-03-24 10
0,2021-03-24 11
0,2021-03-24 12
0,2021-03-24 13
0,2021-03-24 14
0,2021-03-24 15
0,2021-03-24 16
0,2021-03-24 17
0,2021-03-24 18
0,2021-03-24 19
0,2021-03-24 20
0,2021-03-24 21
0,2021-03-24 22
0,2021-03-24 23
0,2021-03-25 00
0,2021-03-25 01
0,2021-03-25 02
0,2021-03-25 03
0,2021-03-25 04
0,2021-03-25 05
0,2021-03-25 06
0,2021-03-25 07
0,2021-03-25 08
0,2021-03-25 09
0,2021-03-25 10
0,2021-03-25 11
0,2021-03-25 12
0,2021-03-25 13
0,2021-03-25 14
0,2021-03-25 15
0,2021-03-25 16
0,2021-03-25 17
0,2021-03-25 18
0,2021-03-25 19
0,2021-03-25 20
0,2021-03-25 21
0,2021-03-25 22
0,2021-03-25 23
0,2021-03-26 00
0,2021-03-26 01
0,2021-03-26 02
0,2021-03-26 03
0,2021-03-26 04
0,2021-03-26 05
0,2021-03-26 06
0,2021-03-26 07
0,2021-03-26 08
0,2021-03-26 09
0,2021-03-26 10
0,2021-03-26 11
0,2021-03-26 12
0,2021-03-26 13
0,2021-03-26 14
0,2021-03-26 15
0,2021-03-26 16
0,2021-03-26 17
0,2021-03-26 18
0,2021-03-26 19
0,2021-03-26 20
0,2021-03-26 21
0,2021-03-26 22
0,2021-03-26 23
0,2021-03-27 00
0,2021-03-27 01
0,2021-03-27 02
0,2021-03-27 03
0,2021-03-27 04
0,2021-03-27 05
0,2021-03-27 06
0,2021-03-27 07
0,2021-03-27 08
0,2021-03-27 09
0,2021-03-27 10
0,2021-03-27 11
0,2021-03-27 12
0,2021-03-27 13
0,2021-03-27 14
0,2021-03-27 15
0,2021-03-27 16
0,2021-03-27 17
0,2021-03-27 18
0,2021-03-27 19
0,2021-03-27 20
0,2021-03-27 21
0,2021-03-27 22
0,2021-03-27 23
0,2021-03-28 00
0,2021-03-28 01
0,2021-03-28 02
0,2021-03-28 03
0,2021-03-28 04
0,2021-03-28 05
0,2021-03-28 06
0,2021-03-28 07
0,2021-03-28 08
0,2021-03-28 09
0,2021-03-28 10
0,2021-03-28 11
0,2021-03-28 12
0,2021-03-28 13
0,2021-03-28 14
0,2021-03-28 15
0,2021-03-28 16
0,2021-03-28 17
0,2021-03-28 18
0,2021-03-28 19
0,2021-03-28 20
0,2021-03-28 21
0,2021-03-28 22
0,2021-03-28 23
0,2021-03-29 00
0,2021-03-29 01
0,2021-03-29 02
0,2021-03-29 03
0,2021-03-29 04
0,2021-03-29 05
0,2021-03-29 06
0,2021-03-29 07
0,2021-03-29 08
0,2021-03-29 09
0,2021-03-29 10
0,2021-03-29 11
0,2021-03-29 12
0,2021-03-29 13
0,2021-03-29 14
0,2021-03-29 15
0,2021-03-29 16
0,2021-03-29 17
0,2021-03-29 18
0,2021-03-29 19
0,2021-03-29 20
0,2021-03-29 21
0,2021-03-29 22
0,2021-03-29 23
0,2021-03-30 00
0,2021-03-30 01
0,2021-03-30 02
0,2021-03-30 03
0,2021-03-30 04
0,2021-03-30 05
0,2021-03-30 06
0,2021-03-30 07
0,2021-03-30 08
0,2021-03-30 09
0,2021-03-30 10
0,2021-03-30 11
0,2021-03-30 12
0,2021-03-30 13
0,2021-03-30 14
0,2021-03-30 15
0,2021-03-30 16
0,2021-03-30 17
0,2021-03-30 18
0,2021-03-30 19
0,2021-03-30 20
0,2021-03-30 21
0,2021-03-30 22
0,2021-03-30 23
0,2021-03-31 00
0,2021-03-31 01
0,2021-03-31 02
0,2021-03-31 03
0,2021-03-31 04
0,2021-03-31 05
0,2021-03-31 06
0,2021-03-31 07
0,2021-03-31 08
0,2021-03-31 09
0,2021-03-31 10
0,2021-03-31 11
0,2021-03-31 12
0,2021-03-31 13
0,2021-03-31 14
0,2021-03-31 15
0,2021-03-31 16
0,2021-03-31 17
0,2021-03-31 18
0,2021-03-31 19
0,2021-03-31 20
0,2021-03-31 21
0,2021-03-31 22
0,2021-03-31 23
0,2021-04-01 00
0,2021-04-01 01
0,2021-04-01 02
0,2021-04-01 03
0,2021-04-01 04
0,2021-04-01 05
0,2021-04-01 06
0,2021-04-01 07
0,2021-04-01 08
0,2021-04-01 09
0,2021-04-01 10
0,2021-04-01 11
0,2021-04-01 12
0,2021-04-01 13
0,2021-04-01 14
0,2021-04-01 15
0,2021-04-01 16
0,2021-04-01 17
0.1,2021-04-01 18
1.9,2021-04-01 19
0.2,2021-04-01 20
0,2021-04-01 21
0,2021-04-01 22
0,2021-04-01 23
0,2021-04-02 00
0,2021-04-02 01
0,2021-04-02 02
0,2021-04-02 03
0,2021-04-02 04
0,2021-04-02 05
0,2021-04-02 06
0,2021-04-02 07
0,2021-04-02 08
0,2021-04-02 09
0,2021-04-02 10
0,2021-04-02 11
0,2021-04-02 12
0,2021-04-02 13
0,2021-04-02 14
0,2021-04-02 15
0,2021-04-02 16
0,2021-04-02 17
0,2021-04-02 18
0,2021-04-02 19
0,2021-04-02 20
0,2021-04-02 21
0,2021-04-02 22
0,2021-04-02 23
0,2021-04-03 00
0,2021-04-03 01
0,2021-04-03 02
0,2021-04-03 03
0.3,2021-04-03 04
0.1,2021-04-03 05
0.3,2021-04-03 06
0.9,2021-04-03 07
0.2,2021-04-03 08
0,2021-04-03 09
0,2021-04-03 10
0.1,2021-04-03 11
0.1,2021-04-03 12
0.1,2021-04-03 13
0,2021-04-03 14
0,2021-04-03 15
0,2021-04-03 16
0,2021-04-03 17
0,2021-04-03 18
0,2021-04-03 19
0,2021-04-03 20
0,2021-04-03 21
0,2021-04-03 22
0,2021-04-03 23
0,2021-04-04 00
0,2021-04-04 01
0,2021-04-04 02
0,2021-04-04 03
0,2021-04-04 04
0,2021-04-04 05
0,2021-04-04 06
0,2021-04-04 07
0,2021-04-04 08
0,2021-04-04 09
0,2021-04-04 10
0,2021-04-04 11
0,2021-04-04 12
0,2021-04-04 13
0,2021-04-04 14
0,2021-04-04 15
0,2021-04-04 16
0,2021-04-04 17
0,2021-04-04 18
0,2021-04-04 19
0,2021-04-04 20
0,2021-04-04 21
0,2021-04-04 22
0,2021-04-04 23
0,2021-04-05 00
0,2021-04-05 01
0,2021-04-05 02
0,2021-04-05 03
0,2021-04-05 04
0,2021-04-05 05
0,2021-04-05 06
0,2021-04-05 07
0,2021-04-05 08
0,2021-04-05 09
0,2021-04-05 10
0,2021-04-05 11
0,2021-04-05 12
0,2021-04-05 13
0,2021-04-05 14
0,2021-04-05 15
0,2021-04-05 16
0,2021-04-05 17
0,2021-04-05 18
0.1,2021-04-05 19
2,2021-04-05 20
1.5,2021-04-05 21
1,2021-04-05 22
0.5,2021-04-05 23
0.4,2021-04-06 00
0.3,2021-04-06 01
0.2,2021-04-06 02
0.1,2021-04-06 03
0,2021-04-06 04
0,2021-04-06 05
0,2021-04-06 06
0,2021-04-06 07
0,2021-04-06 08
0,2021-04-06 09
0,2021-04-06 10
0,2021-04-06 11
0,2021-04-06 12
0,2021-04-06 13
0,2021-04-06 14
0.1,2021-04-06 15
0.1,2021-04-06 16
0,2021-04-06 17
0,2021-04-06 18
0,2021-04-06 19
0.2,2021-04-06 20
0.6,2021-04-06 21
0,2021-04-06 22
0,2021-04-06 23
0.1,2021-04-07 00
0,2021-04-07 01
0.2,2021-04-07 02
0.1,2021-04-07 03
0.2,2021-04-07 04
0.2,2021-04-07 05
0,2021-04-07 06
0.2,2021-04-07 07
0.4,2021-04-07 08
0.1,2021-04-07 09
0.2,2021-04-07 10
0.1,2021-04-07 11
0.1,2021-04-07 12
0.2,2021-04-07 13
0.1,2021-04-07 14
0.1,2021-04-07 15
0.1,2021-04-07 16
0,2021-04-07 17
0,2021-04-07 18
0,2021-04-07 19
0,2021-04-07 20
0.1,2021-04-07 21
0.4,2021-04-07 22
0.4,2021-04-07 23
0.3,2021-04-08 00
0.4,2021-04-08 01
0.4,2021-04-08 02
0.3,2021-04-08 03
0.2,2021-04-08 04
0.2,2021-04-08 05
0.1,2021-04-08 06
0.2,2021-04-08 07
0.2,2021-04-08 08
0.2,2021-04-08 09
0.3,2021-04-08 10
0.1,2021-04-08 11
0.1,2021-04-08 12
0,2021-04-08 13
0,2021-04-08 14
0,2021-04-08 15
0,2021-04-08 16
0,2021-04-08 17
0,2021-04-08 18
0,2021-04-08 19
0,2021-04-08 20
0,2021-04-08 21
0,2021-04-08 22
0,2021-04-08 23
0,2021-04-09 00
0,2021-04-09 01
0,2021-04-09 02
0,2021-04-09 03
0,2021-04-09 04
0,2021-04-09 05
0,2021-04-09 06
0,2021-04-09 07
0,2021-04-09 08
0,2021-04-09 09
0,2021-04-09 10
0,2021-04-09 11
0,2021-04-09 12
0,2021-04-09 13
0,2021-04-09 14
0,2021-04-09 15
0,2021-04-09 16
0,2021-04-09 17
0,2021-04-09 18
0,2021-04-09 19
0,2021-04-09 20
0,2021-04-09 21
0,2021-04-09 22
0,2021-04-09 23
0,2021-04-10 00
0,2021-04-10 01
0,2021-04-10 02
0,2021-04-10 03
0,2021-04-10 04
0,2021-04-10 05
0,2021-04-10 06
0,2021-04-10 07
0,2021-04-10 08
0,2021-04-10 09
0,2021-04-10 10
0,2021-04-10 11
0,2021-04-10 12
0,2021-04-10 13
0,2021-04-10 14
0,2021-04-10 15
0,2021-04-10 16
0,2021-04-10 17
0,2021-04-10 18
0,2021-04-10 19
0,2021-04-10 20
0,2021-04-10 21
0,2021-04-10 22
0,2021-04-10 23
0,2021-04-11 00
0,2021-04-11 01
0,2021-04-11 02
0,2021-04-11 03
0,2021-04-11 04
0,2021-04-11 05
0,2021-04-11 06
0,2021-04-11 07
0,2021-04-11 08
0,2021-04-11 09
0,2021-04-11 10
0,2021-04-11 11
0,2021-04-11 12
0,2021-04-11 13
0,2021-04-11 14
0,2021-04-11 15
0,2021-04-11 16
0,2021-04-11 17
0,2021-04-11 18
0,2021-04-11 19
0,2021-04-11 20
0,2021-04-11 21
0,2021-04-11 22
0,2021-04-11 23
0,2021-04-12 00
0,2021-04-12 01
0,2021-04-12 02
0,2021-04-12 03
0,2021-04-12 04
0,2021-04-12 05
0.1,2021-04-12 06
0.1,2021-04-12 07
0.3,2021-04-12 08
0.4,2021-04-12 09
0.4,2021-04-12 10
0.5,2021-04-12 11
0.5,2021-04-12 12
0.4,2021-04-12 13
0.7,2021-04-12 14
0.6,2021-04-12 15
0.5,2021-04-12 16
0.4,2021-04-12 17
0.5,2021-04-12 18
0.2,2021-04-12 19
0.3,2021-04-12 20
0.3,2021-04-12 21
0.2,2021-04-12 22
0.2,2021-04-12 23
0,2021-04-13 00
0.2,2021-04-13 01
0.4,2021-04-13 02
0.3,2021-04-13 03
0.6,2021-04-13 04
0.7,2021-04-13 05
0.5,2021-04-13 06
0.3,2021-04-13 07
0.1,2021-04-13 08
0,2021-04-13 09
0,2021-04-13 10
0,2021-04-13 11
0.1,2021-04-13 12
0.3,2021-04-13 13
0.1,2021-04-13 14
0.4,2021-04-13 15
1,2021-04-13 16
0.2,2021-04-13 17
0,2021-04-13 18
0,2021-04-13 19
0,2021-04-13 20
0.1,2021-04-13 21
0.4,2021-04-13 22
0.1,2021-04-13 23
0.3,2021-04-14 00
0,2021-04-14 01
0,2021-04-14 02
0,2021-04-14 03
0,2021-04-14 04
0,2021-04-14 05
0,2021-04-14 06
0,2021-04-14 07
0.3,2021-04-14 08
0,2021-04-14 09
0,2021-04-14 10
0,2021-04-14 11
0.1,2021-04-14 12
0.4,2021-04-14 13
0,2021-04-14 14
0.1,2021-04-14 15
0,2021-04-14 16
0.2,2021-04-14 17
0.1,2021-04-14 18
0,2021-04-14 19
0,2021-04-14 20
0,2021-04-14 21
0,2021-04-14 22
0,2021-04-14 23
0,2021-04-15 00
0,2021-04-15 01
0,2021-04-15 02
0,2021-04-15 03
0,2021-04-15 04
0,2021-04-15 05
0,2021-04-15 06
0,2021-04-15 07
0,2021-04-15 08
0.1,2021-04-15 09
0.4,2021-04-15 10
0.7,2021-04-15 11
0,2021-04-15 12
0,2021-04-15 13
0,2021-04-15 14
0,2021-04-15 15
0,2021-04-15 16
0.1,2021-04-15 17
0,2021-04-15 18
0,2021-04-15 19
0,2021-04-15 20
0,2021-04-15 21
0,2021-04-15 22
0,2021-04-15 23
0,2021-04-16 00
0,2021-04-16 01
0,2021-04-16 02
0,2021-04-16 03
0,2021-04-16 04
0,2021-04-16 05
0,2021-04-16 06
0,2021-04-16 07
0,2021-04-16 08
0,2021-04-16 09
0,2021-04-16 10
0,2021-04-16 11
0,2021-04-16 12
0,2021-04-16 13
0,2021-04-16 14
0,2021-04-16 15
0,2021-04-16 16
0,2021-04-16 17
0,2021-04-16 18
0,2021-04-16 19
0,2021-04-16 20
0,2021-04-16 21
0,2021-04-16 22
0,2021-04-16 23
0,2021-04-17 00
0,2021-04-17 01
0,2021-04-17 02
0,2021-04-17 03
0,2021-04-17 04
0,2021-04-17 05
0,2021-04-17 06
0,2021-04-17 07
0,2021-04-17 08
0,2021-04-17 09
0,2021-04-17 10
0,2021-04-17 11
0,2021-04-17 12
0,2021-04-17 13
0,2021-04-17 14
0,2021-04-17 15
0,2021-04-17 16
0,2021-04-17 17
0,2021-04-17 18
0,2021-04-17 19
0,2021-04-17 20
0,2021-04-17 21
0,2021-04-17 22
0,2021-04-17 23
0,2021-04-18 00
0,2021-04-18 01
0,2021-04-18 02
0,2021-04-18 03
0,2021-04-18 04
0,2021-04-18 05
0,2021-04-18 06
0,2021-04-18 07
0,2021-04-18 08
0,2021-04-18 09
0,2021-04-18 10
0,2021-04-18 11
0,2021-04-18 12
0,2021-04-18 13
0,2021-04-18 14
0,2021-04-18 15
0.1,2021-04-18 16
0,2021-04-18 17
0,2021-04-18 18
0,2021-04-18 19
0,2021-04-18 20
0,2021-04-18 21
0,2021-04-18 22
0,2021-04-18 23
0,2021-04-19 00
0,2021-04-19 01
0,2021-04-19 02
0,2021-04-19 03
0.2,2021-04-19 04
0.1,2021-04-19 05
0.2,2021-04-19 06
0,2021-04-19 07
0.1,2021-04-19 08
0.1,2021-04-19 09
0.6,2021-04-19 10
0.7,2021-04-19 11
0.1,2021-04-19 12
0.1,2021-04-19 13
1.7,2021-04-19 14
1.4,2021-04-19 15
0.1,2021-04-19 16
0.2,2021-04-19 17
0,2021-04-19 18
0,2021-04-19 19
0.1,2021-04-19 20
0.3,2021-04-19 21
0.5,2021-04-19 22
0.5,2021-04-19 23
1,2021-04-20 00
1.9,2021-04-20 01
1.2,2021-04-20 02
0.7,2021-04-20 03
1,2021-04-20 04
0.7,2021-04-20 05
0.1,2021-04-20 06
0.1,2021-04-20 07
0,2021-04-20 08
0,2021-04-20 09
0,2021-04-20 10
0,2021-04-20 11
0,2021-04-20 12
0,2021-04-20 13
0,2021-04-20 14
0,2021-04-20 15
0,2021-04-20 16
0,2021-04-20 17
0,2021-04-20 18
0,2021-04-20 19
0,2021-04-20 20
0,2021-04-20 21
0,2021-04-20 22
0,2021-04-20 23
0,2021-04-21 00
0,2021-04-21 01
0,2021-04-21 02
0,2021-04-21 03
0,2021-04-21 04
0,2021-04-21 05
0,2021-04-21 06
0,2021-04-21 07
0,2021-04-21 08
0,2021-04-21 09
0,2021-04-21 10
0,2021-04-21 11
0,2021-04-21 12
0,2021-04-21 13
0,2021-04-21 14
0,2021-04-21 15
0,2021-04-21 16
0,2021-04-21 17
0,2021-04-21 18
0,2021-04-21 19
0.2,2021-04-21 20
2.4,2021-04-21 21
0.7,2021-04-21 22
0,2021-04-21 23
0,2021-04-22 00
0,2021-04-22 01
0,2021-04-22 02
0,2021-04-22 03
0,2021-04-22 04
0.2,2021-04-22 05
0,2021-04-22 06
0,2021-04-22 07
0,2021-04-22 08
0,2021-04-22 09
0.1,2021-04-22 10
0,2021-04-22 11
0.9,2021-04-22 12
0.6,2021-04-22 13
1.7,2021-04-22 14
0.1,2021-04-22 15
0,2021-04-22 16
0,2021-04-22 17
0,2021-04-22 18
0,2021-04-22 19
0,2021-04-22 20
0,2021-04-22 21
0,2021-04-22 22
0,2021-04-22 23
0,2021-04-23 00
0,2021-04-23 01
0,2021-04-23 02
0,2021-04-23 03
0,2021-04-23 04
0,2021-04-23 05
0,2021-04-23 06
0,2021-04-23 07
0,2021-04-23 08
0,2021-04-23 09
0,2021-04-23 10
0,2021-04-23 11
0,2021-04-23 12
0,2021-04-23 13
0,2021-04-23 14
0,2021-04-23 15
0,2021-04-23 16
0,2021-04-23 17
0,2021-04-23 18
0,2021-04-23 19
0,2021-04-23 20
0,2021-04-23 21
0,2021-04-23 22
0,2021-04-23 23
0,2021-04-24 00
0,2021-04-24 01
0,2021-04-24 02
0,2021-04-24 03
0,2021-04-24 04
0,2021-04-24 05
0,2021-04-24 06
0,2021-04-24 07
0,2021-04-24 08
0,2021-04-24 09
0,2021-04-24 10
0,2021-04-24 11
0,2021-04-24 12
0,2021-04-24 13
0,2021-04-24 14
0,2021-04-24 15
0,2021-04-24 16
0,2021-04-24 17
0,2021-04-24 18
0,2021-04-24 19
0,2021-04-24 20
0,2021-04-24 21
0,2021-04-24 22
0,2021-04-24 23
0,2021-04-25 00
0,2021-04-25 01
0,2021-04-25 02
0,2021-04-25 03
0,2021-04-25 04
0,2021-04-25 05
0,2021-04-25 06
0,2021-04-25 07
0,2021-04-25 08
0,2021-04-25 09
0,2021-04-25 10
0,2021-04-25 11
0,2021-04-25 12
0,2021-04-25 13
0,2021-04-25 14
0,2021-04-25 15
0,2021-04-25 16
0,2021-04-25 17
0,2021-04-25 18
0,2021-04-25 19
0,2021-04-25 20
0,2021-04-25 21
0,2021-04-25 22
0,2021-04-25 23
0,2021-04-26 00
0,2021-04-26 01
0,2021-04-26 02
0,2021-04-26 03
0,2021-04-26 04
0,2021-04-26 05
0,2021-04-26 06
0,2021-04-26 07
0,2021-04-26 08
0,2021-04-26 09
0,2021-04-26 10
0,2021-04-26 11
0,2021-04-26 12
0,2021-04-26 13
0,2021-04-26 14
0,2021-04-26 15
0,2021-04-26 16
0,2021-04-26 17
0,2021-04-26 18
0,2021-04-26 19
0,2021-04-26 20
0,2021-04-26 21
0,2021-04-26 22
0,2021-04-26 23
0,2021-04-27 00
0,2021-04-27 01
0,2021-04-27 02
0,2021-04-27 03
0,2021-04-27 04
0,2021-04-27 05
0,2021-04-27 06
0,2021-04-27 07
0,2021-04-27 08
0,2021-04-27 09
0,2021-04-27 10
0,2021-04-27 11
0,2021-04-27 12
0,2021-04-27 13
0,2021-04-27 14
0,2021-04-27 15
0,2021-04-27 16
0,2021-04-27 17
0,2021-04-27 18
0,2021-04-27 19
0,2021-04-27 20
0,2021-04-27 21
0,2021-04-27 22
0,2021-04-27 23
0,2021-04-28 00
0,2021-04-28 01
0,2021-04-28 02
0,2021-04-28 03
0,2021-04-28 04
0,2021-04-28 05
0,2021-04-28 06
0,2021-04-28 07
0,2021-04-28 08
0,2021-04-28 09
0,2021-04-28 10
0,2021-04-28 11
0,2021-04-28 12
0,2021-04-28 13
0,2021-04-28 14
0,2021-04-28 15
0,2021-04-28 16
0,2021-04-28 17
0,2021-04-28 18
0,2021-04-28 19
0,2021-04-28 20
0,2021-04-28 21
0,2021-04-28 22
0,2021-04-28 23
0,2021-04-29 00
0,2021-04-29 01
0,2021-04-29 02
0,2021-04-29 03
0,2021-04-29 04
0,2021-04-29 05
0,2021-04-29 06
0,2021-04-29 07
0,2021-04-29 08
0,2021-04-29 09
0,2021-04-29 10
0,2021-04-29 11
0,2021-04-29 12
0,2021-04-29 13
0,2021-04-29 14
0,2021-04-29 15
0,2021-04-29 16
0,2021-04-29 17
0,2021-04-29 18
0,2021-04-29 19
0,2021-04-29 20
0.2,2021-04-29 21
0.4,2021-04-29 22
0.5,2021-04-29 23
0.9,2021-04-30 00
